review_id,corp_code,company,fs_div,sj_div,canonical_account,account_key,period_end,a_rcept_no,a_column,a_account_nm,a_value,b_rcept_no,b_column,b_account_nm,b_value,unit,source_location,cause,cause_detail,evidence_status,affected_metrics,decision,reviewed_at
M01,01009789,코스맥스,CFS,BS,current_liabilities,ifrs-full_CurrentLiabilities,2023-12-31,20240320001628,당기,유동부채,873814217416,20250416000526,전기,유동부채,989364240038,원,"A: III. 재무에 관한 사항 > 2. 연결재무제표 > 연결 재무상태표 (비유동부채 아래 파생상품부채 56,378,159,685 · 상환전환우선주부채 59,171,862,937) / B: 같은 표 비교표시 열(유동부채 아래 유동파생상품부채 · 유동성전환상환우선주부채 같은 금액), 연결재무제표 주석 2.1.1 (가)",재분류,"기업회계기준서 제1001호 개정(부채의 유동/비유동 분류)을 2024년부터 적용하며 상환전환우선주부채와 관련 파생상품부채를 유동으로 분류. 유동부채 +1,155.5억 = 비유동부채 -1,155.5억, 부채총계 동일",원문 확인 (표·주석). 비교표시 소급 문구는 찾지 못함 — 비교 열의 분류 변경으로 판단,유동비율(2023 연결),"두 관측값 유지. 2023 단독 분석은 선택 규칙(D5)대로 A(당시 기준). 2023↔2024 추세 비교에는 B 사용, '분류 기준 변경' 표시",2026-10-07
M02,01009789,코스맥스,OFS,BS,current_liabilities,ifrs-full_CurrentLiabilities,2023-12-31,20240320001628,당기,유동부채,535203075995,20250416000526,전기,유동부채,536820356224,원,"A: III. 재무에 관한 사항 > 4. 재무제표 > 재무상태표 (비유동부채 아래 파생상품부채 1,617,280,229) / B: 같은 표 비교표시 열(유동파생상품부채), 재무제표 주석 2.1.1 (가)",재분류,M01과 같은 기준서 개정. 파생상품부채 16.2억이 비유동→유동. 부채총계 동일,"주석 2.1.1 원문 확인. 표는 API 행 대조 (차이 1,617,280,229원 = 2023 보고서 비유동 파생상품부채)",유동비율(2023 별도),M01과 같음,2026-10-07
M03,01009789,코스맥스,CFS,BS,current_assets,ifrs-full_CurrentAssets,2022-12-31,20230322001169,당기,유동자산,737152717216,20250416000526,전전기,유동자산,722703796018,원,"A: 2022 보고서 III. 재무에 관한 사항 > 2. 연결재무제표 > 연결 재무상태표 (유동자산 소계에 매각예정자산 14,448,921,198 포함 — 항목 합으로 확인) / B: 2024 보고서 같은 표(매각예정자산을 소계 밖 별도 행으로 표시)",계정 범위 차이,"유동자산 소계에 매각예정자산을 넣었는지의 차이 (-144.5억). 자산총계는 두 보고서 모두 1,396,450,504,662",원문 확인 (표),유동비율(2022 연결),두 관측값 유지. 매각예정자산 포함 여부를 유동자산 정의에 명시해야 함 → 계정 정의 결정 필요,2026-10-07
M04,00939331,한국콜마,CFS,BS,short_term_interest_bearing_debt(review),ifrs-full_OtherCurrentFinancialLiabilities,2023-12-31,20240321001772,당기,금융부채,1756473950,20250318001173,전기,기타유동금융부채,105551629856,원,"A·B: III. 재무에 관한 사항 > 2. 연결재무제표 > 연결 재무상태표 (A는 2023 보고서, B는 2024 보고서 비교표시 열)",계정 범위 차이,"기타채무를 '매입채무 및 기타유동채무'에서 '기타유동금융부채'로 옮겨 표시. 매입채무 및 기타유동채무 294,262,827,485 → 매입채무 190,467,671,579 (-1,037.9억). 유동부채 합계 동일",원문 확인 (표),현금/단기 이자부채 (기타유동금융부채가 확인 필요 후보),두 관측값 유지. 기타유동금융부채는 이자부채가 아닌 기타채무가 대부분일 수 있어 주석 수기 확인 전 단기 이자부채에 넣지 않음,2026-10-07
M05,00939331,한국콜마,OFS,BS,short_term_interest_bearing_debt(review),ifrs-full_OtherCurrentFinancialLiabilities,2023-12-31,20240321001772,당기,금융부채,1402596644,20250318001173,전기,기타유동금융부채,11824191558,원,"A·B: III. 재무에 관한 사항 > 4. 재무제표 > 재무상태표 (A는 2023 보고서, B는 2024 보고서 비교표시 열)",계정 범위 차이,"기타채무를 '매입채무 및 기타유동채무'에서 '기타유동금융부채'로 옮겨 표시. 매입채무 및 기타유동채무 1,011.2억 → 매입채무 907.0억 (-104.2억). 유동부채 합계 동일","API 행 대조 (원문 표 위치 동일, 값 열람은 M04·M06만)",현금/단기 이자부채 (기타유동금융부채가 확인 필요 후보),두 관측값 유지. 기타유동금융부채는 이자부채가 아닌 기타채무가 대부분일 수 있어 주석 수기 확인 전 단기 이자부채에 넣지 않음,2026-10-07
M06,00939331,한국콜마,CFS,BS,short_term_interest_bearing_debt(review),ifrs-full_OtherCurrentFinancialLiabilities,2022-12-31,20240321001772,전기,금융부채,1915806027,20250318001173,전전기,기타유동금융부채,53566566141,원,"A·B: III. 재무에 관한 사항 > 2. 연결재무제표 > 연결 재무상태표 (A는 2023 보고서, B는 2024 보고서 비교표시 열)",계정 범위 차이,"기타채무를 '매입채무 및 기타유동채무'에서 '기타유동금융부채'로 옮겨 표시. 매입채무 및 기타유동채무 211,823,634,010 → 매입채무 160,172,873,896 (-516.5억). 유동부채 합계 동일",원문 확인 (표),현금/단기 이자부채 (기타유동금융부채가 확인 필요 후보),두 관측값 유지. 기타유동금융부채는 이자부채가 아닌 기타채무가 대부분일 수 있어 주석 수기 확인 전 단기 이자부채에 넣지 않음,2026-10-07
M07,00939331,한국콜마,OFS,BS,short_term_interest_bearing_debt(review),ifrs-full_OtherCurrentFinancialLiabilities,2022-12-31,20240321001772,전기,금융부채,953465517,20250318001173,전전기,기타유동금융부채,14194184380,원,"A·B: III. 재무에 관한 사항 > 4. 재무제표 > 재무상태표 (A는 2023 보고서, B는 2024 보고서 비교표시 열)",계정 범위 차이,"기타채무를 '매입채무 및 기타유동채무'에서 '기타유동금융부채'로 옮겨 표시. 매입채무 및 기타유동채무 81,408,920,838 → 매입채무 68,168,201,975 (-13,240,718,863), 기타유동금융부채 +13,240,718,863 — 원 단위까지 같음 (2024 보고서는 매입채무 코드가 TradeAndOtherCurrentPayablesToTradeSuppliers로 바뀜). 유동부채 합계 동일",API 행 대조 (원 단위 일치),현금/단기 이자부채 (기타유동금융부채가 확인 필요 후보),두 관측값 유지. 기타유동금융부채는 이자부채가 아닌 기타채무가 대부분일 수 있어 주석 수기 확인 전 단기 이자부채에 넣지 않음,2026-10-07
M08,00939331,한국콜마,CFS,BS,short_term_interest_bearing_debt(review),name:사채,2022-12-31,20230322001251,당기,사채,99932951792,20240321001772,전기,사채,299508237198,원,III. 재무에 관한 사항 > 2. 연결재무제표 > 연결 재무상태표 — 두 보고서 모두 유동 사채와 비유동 사채가 각각 있음,추출 오류,"우리 비교 키 오매칭: 표준코드 없는 '사채'가 한 보고서에서는 유동, 다른 보고서에서는 비유동 행이라 이름 키 name:사채가 서로 다른 항목을 묶음. 유동·비유동 사채 값 자체는 두 보고서가 같음",API 행 대조,현금/단기 이자부채,비표준 이름 키 비교는 신뢰 낮음으로 표시 유지. 유동 사채는 BondsIssued 코드로도 오므로 확인 필요 후보에 추가,2026-10-07
M09,00939331,한국콜마,CFS,BS,short_term_interest_bearing_debt(review),name:사채,2021-12-31,20230322001251,전기,사채,249901269211,20240321001772,전전기,사채,249444408253,원,III. 재무에 관한 사항 > 2. 연결재무제표 > 연결 재무상태표 — 두 보고서 모두 유동 사채와 비유동 사채가 각각 있음,추출 오류,M08과 같은 오매칭(비유동 사채 기준 비교). 남는 차이 4.6억은 원문 확인 전,미확인 (오매칭 + 잔여 차이),현금/단기 이자부채,비표준 이름 키 비교는 신뢰 낮음으로 표시 유지. 유동 사채는 BondsIssued 코드로도 오므로 확인 필요 후보에 추가,2026-10-07
