scope_change_id,corp_code,company,fs_div,bsns_year,change_type,entity,reason,rcept_no,source_location,evidence_status,impact,method,recorded_at
S01,01009789,코스맥스,CFS,2023,신규연결,코스맥스에이비㈜,신규설립,20240320001628,I. 회사의 개요 > 1. 회사의 개요 > 가-1. 연결대상회사의 변동내용,원문 확인,영향 규모 미확인,원문 XML 텍스트 추출 (사업보고서 표 그대로),2026-10-07
S02,01009789,코스맥스,CFS,2023,연결제외,NU-WORLD CORPORATION,흡수합병,20240320001628,I. 회사의 개요 > 1. 회사의 개요 > 가-1. 연결대상회사의 변동내용,원문 확인,영향 규모 미확인,원문 XML 텍스트 추출 (사업보고서 표 그대로),2026-10-07
S03,01009789,코스맥스,CFS,2024,신규연결,"YATSEN Biotechnology (Guangzhou) Co., Ltd.",지배력 요건 충족,20250416000526,I. 회사의 개요 > 1. 회사의 개요 > 가-1. 연결대상회사의 변동내용,원문 확인,영향 규모 미확인,원문 XML 텍스트 추출 (사업보고서 표 그대로),2026-10-07
S04,01009789,코스맥스,CFS,2024,신규연결,Cosmax California Corp.,신규 설립,20250416000526,I. 회사의 개요 > 1. 회사의 개요 > 가-1. 연결대상회사의 변동내용,원문 확인,영향 규모 미확인,원문 XML 텍스트 추출 (사업보고서 표 그대로),2026-10-07
S05,01009789,코스맥스,CFS,2024,신규연결,COSMAX MALAYSIA SDN. BHD.,신규 설립,20250416000526,I. 회사의 개요 > 1. 회사의 개요 > 가-1. 연결대상회사의 변동내용,원문 확인,영향 규모 미확인,원문 XML 텍스트 추출 (사업보고서 표 그대로),2026-10-07
S06,01009789,코스맥스,CFS,2024,신규연결,"Xiyun (Shanghai) Trading Co., Ltd.",신규 설립,20250416000526,I. 회사의 개요 > 1. 회사의 개요 > 가-1. 연결대상회사의 변동내용,원문 확인,영향 규모 미확인,원문 XML 텍스트 추출 (사업보고서 표 그대로),2026-10-07
S07,01009789,코스맥스,CFS,2024,신규연결,주식회사 아트랩,지분 취득,20250416000526,I. 회사의 개요 > 1. 회사의 개요 > 가-1. 연결대상회사의 변동내용,원문 확인,영향 규모 미확인,원문 XML 텍스트 추출 (사업보고서 표 그대로),2026-10-07
S08,01009789,코스맥스,CFS,2025,신규연결,COSGZ(HK) LIMITED,신규 설립,20260318000694,I. 회사의 개요 > 1. 회사의 개요 > 가-1. 연결대상회사의 변동내용,원문 확인,영향 규모 미확인,원문 XML 텍스트 추출 (사업보고서 표 그대로),2026-10-07
S09,01009789,코스맥스,CFS,2025,신규연결,"Meishixingye (Guangzhou) International Trade Co., Ltd.",신규 설립,20260318000694,I. 회사의 개요 > 1. 회사의 개요 > 가-1. 연결대상회사의 변동내용,원문 확인,영향 규모 미확인,원문 XML 텍스트 추출 (사업보고서 표 그대로),2026-10-07
S10,01009789,코스맥스,CFS,2025,신규연결,"COSMAX VIETNAM CO., LTD",신규 설립,20260318000694,I. 회사의 개요 > 1. 회사의 개요 > 가-1. 연결대상회사의 변동내용,원문 확인,영향 규모 미확인,원문 XML 텍스트 추출 (사업보고서 표 그대로),2026-10-07
S11,01009789,코스맥스,CFS,2025,연결제외,코스맥스아이큐어㈜,청산,20260318000694,I. 회사의 개요 > 1. 회사의 개요 > 가-1. 연결대상회사의 변동내용,원문 확인,영향 규모 미확인,원문 XML 텍스트 추출 (사업보고서 표 그대로),2026-10-07
S12,01009789,코스맥스,CFS,2025,연결제외,주식회사 아트랩,흡수합병,20260318000694,I. 회사의 개요 > 1. 회사의 개요 > 가-1. 연결대상회사의 변동내용,원문 확인,영향 규모 미확인,원문 XML 텍스트 추출 (사업보고서 표 그대로),2026-10-07
S13,00763473,코스메카코리아,CFS,2023,연결제외,"COSMECCA FOSHAN, LTD.",당기 중 청산,20240321001991,I. 회사의 개요 > 1. 회사의 개요 > 가-1. 연결대상회사의 변동내용,원문 확인,영향 규모 미확인,원문 XML 텍스트 추출 (사업보고서 표 그대로),2026-10-07
S14,00939331,한국콜마,CFS,2023,신규연결,㈜에이치케이케미스토리,신규 설립,20240321001772,I. 회사의 개요 > 1. 회사의 개요 > 가-1. 연결대상회사의 변동내용,원문 확인,영향 규모 미확인,원문 XML 텍스트 추출 (사업보고서 표 그대로),2026-10-07
S15,00939331,한국콜마,CFS,2024,연결제외,코웨이비앤에이치㈜,주식 전량 매각,20250318001173,I. 회사의 개요 > 1. 회사의 개요 > 가-1. 연결대상회사의 변동내용,원문 확인,영향 규모 미확인,원문 XML 텍스트 추출 (사업보고서 표 그대로),2026-10-07
S16,00939331,한국콜마,CFS,2025,신규연결,콜마유엑스㈜,"지분 취득 (콜마홀딩스로부터 100%, 7,267백만원)",20260318001196,I. 회사의 개요 > 1. 회사의 개요 > 가-1. 연결대상회사의 변동내용,원문 확인,영향 규모 미확인,원문 XML 텍스트 추출 (사업보고서 표 그대로),2026-10-07
S17,00939331,한국콜마,CFS,2025,신규연결,"YONWOO(CHINA) CO.,LTD.",㈜연우의 종속기업으로 신규 설립,20260318001196,I. 회사의 개요 > 1. 회사의 개요 > 가-1. 연결대상회사의 변동내용,원문 확인,영향 규모 미확인,원문 XML 텍스트 추출 (사업보고서 표 그대로),2026-10-07
S18,01226410,씨앤씨인터내셔널,CFS,2023,변동 없음,-,신규연결·연결제외 모두 '-',20240321001899,I. 회사의 개요 > 1. 회사의 개요 > 가-1. 연결대상회사의 변동내용,원문 확인,해당 없음,원문 XML 텍스트 추출 (사업보고서 표 그대로),2026-10-07
S19,01226410,씨앤씨인터내셔널,CFS,2024,변동 없음,-,신규연결·연결제외 모두 '-',20250321001159,I. 회사의 개요 > 1. 회사의 개요 > 가-1. 연결대상회사의 변동내용,원문 확인,해당 없음,원문 XML 텍스트 추출 (사업보고서 표 그대로),2026-10-07
S20,01226410,씨앤씨인터내셔널,CFS,2025,변동 없음,-,신규연결·연결제외 모두 '-',20260323001238,I. 회사의 개요 > 1. 회사의 개요 > 가-1. 연결대상회사의 변동내용,원문 확인,해당 없음,원문 XML 텍스트 추출 (사업보고서 표 그대로),2026-10-07
S21,00763473,코스메카코리아,CFS,2024,변동 없음,-,신규연결·연결제외 모두 '-',20250321000012,I. 회사의 개요 > 1. 회사의 개요 > 가-1. 연결대상회사의 변동내용,원문 확인,해당 없음,원문 XML 텍스트 추출 (사업보고서 표 그대로),2026-10-07
S22,00763473,코스메카코리아,CFS,2025,변동 없음,-,신규연결·연결제외 모두 '-',20260330001688,I. 회사의 개요 > 1. 회사의 개요 > 가-1. 연결대상회사의 변동내용,원문 확인,해당 없음,원문 XML 텍스트 추출 (사업보고서 표 그대로),2026-10-07
